{"simple_shading.xml": 1.5375996990001113, "simple_reflectance.xml": 2.5334814670000014, "marbles.xml": 180.0198400469999, "cornellbox.xml": 19.36593893600002, "berserker.xml": 50.459940452999945, "horse_and_mug.xml": 100.17378651699983, "mirror_spheres.xml": 1.4060340019996147, "bunny.xml": 8.778467140999965, "killeroo.xml": 65.48611750799955, "low_poly.xml": 259.7538713019994, "monkey.xml": 48.56271558000026, "dragon_lowres.xml": 52.76560855000025, "simple.xml": 1.174291065000034, "car.xml": 478.5792494260004}